Time,nothing,h
2.316666667,14,64
9.7,-27,23
16.05,27,77
22.41666667,-14,36
27.61666667,20,70
34.53333333,-27,23
40.4,33,83
47.08333333,-28,22
52.56666667,26,76
59.25,-25,25
64.85,38,88
71.75,-42,8
