Time,h
2.316666667,14
9.7,-27
16.05,27
22.41666667,-14
27.61666667,20
34.53333333,-27
40.4,33
47.08333333,-28
52.56666667,26
59.25,-25
64.85,38
71.75,-42
